l,i,n,k,s
https://v.daum.net/v/20230519185102045
https://v.daum.net/v/20230519184317899
https://v.daum.net/v/20230519183005726
https://v.daum.net/v/20230519181912556
https://v.daum.net/v/20230519181427474
https://v.daum.net/v/20230519180702343
https://v.daum.net/v/20230519180442274
https://v.daum.net/v/20230519180306235
https://v.daum.net/v/20230519180240219
https://v.daum.net/v/20230519180208205
https://v.daum.net/v/20230519180103162
https://v.daum.net/v/20230519180103161
https://v.daum.net/v/20230519180026116
https://v.daum.net/v/20230519180012091
https://v.daum.net/v/20230519175922070
https://v.daum.net/v/20230519184841990
https://v.daum.net/v/20230519184702962
https://v.daum.net/v/20230519184201884
https://v.daum.net/v/20230519183600802
https://v.daum.net/v/20230519175802018
https://v.daum.net/v/20230519175416932
https://v.daum.net/v/20230519175404927
https://v.daum.net/v/20230519175401924
https://v.daum.net/v/20230519175058862
https://v.daum.net/v/20230519174845820
https://v.daum.net/v/20230519174617764
https://v.daum.net/v/20230519174613758
https://v.daum.net/v/20230519174524733
https://v.daum.net/v/20230519174211642
https://v.daum.net/v/20230519174209641
https://v.daum.net/v/20230519173928569
https://v.daum.net/v/20230519173912555
https://v.daum.net/v/20230519173834528
https://v.daum.net/v/20230519173614479
https://v.daum.net/v/20230519184841990
https://v.daum.net/v/20230519184702962
https://v.daum.net/v/20230519184201884
https://v.daum.net/v/20230519183600802
https://v.daum.net/v/20230519173332409
https://v.daum.net/v/20230519173308389
https://v.daum.net/v/20230519173203364
https://v.daum.net/v/20230519173150360
https://v.daum.net/v/20230519173144358
https://v.daum.net/v/20230519173108343
https://v.daum.net/v/20230519173105341
https://v.daum.net/v/20230519173027327
https://v.daum.net/v/20230519173018322
https://v.daum.net/v/20230519173006314
https://v.daum.net/v/20230519172430162
https://v.daum.net/v/20230519172427161
https://v.daum.net/v/20230519172019073
https://v.daum.net/v/20230519171915056
https://v.daum.net/v/20230519171904050
https://v.daum.net/v/20230519184841990
https://v.daum.net/v/20230519184702962
https://v.daum.net/v/20230519184201884
https://v.daum.net/v/20230519183600802
https://v.daum.net/v/20230519171610985
https://v.daum.net/v/20230519171609984
https://v.daum.net/v/20230519171216899
https://v.daum.net/v/20230519171116857
https://v.daum.net/v/20230519170940817
https://v.daum.net/v/20230519170714767
https://v.daum.net/v/20230519170346646
https://v.daum.net/v/20230519170218600
https://v.daum.net/v/20230519170215596
https://v.daum.net/v/20230519170115544
https://v.daum.net/v/20230519165416303
https://v.daum.net/v/20230519165338284
https://v.daum.net/v/20230519165216243
https://v.daum.net/v/20230519165145231
https://v.daum.net/v/20230519164805124
https://v.daum.net/v/20230519184841990
https://v.daum.net/v/20230519184702962
https://v.daum.net/v/20230519184201884
https://v.daum.net/v/20230519183600802
https://v.daum.net/v/20230519164531053
https://v.daum.net/v/20230519164500024
https://v.daum.net/v/20230519164106950
https://v.daum.net/v/20230519164102947
https://v.daum.net/v/20230519164041939
https://v.daum.net/v/20230519164023934
https://v.daum.net/v/20230519164019930
https://v.daum.net/v/20230519163804846
https://v.daum.net/v/20230519163557759
https://v.daum.net/v/20230519163416703
https://v.daum.net/v/20230519163352692
https://v.daum.net/v/20230519163302661
https://v.daum.net/v/20230519163300656
https://v.daum.net/v/20230519163055575
https://v.daum.net/v/20230519162641431
https://v.daum.net/v/20230519184841990
https://v.daum.net/v/20230519184702962
https://v.daum.net/v/20230519184201884
https://v.daum.net/v/20230519183600802
https://v.daum.net/v/20230519162349338
https://v.daum.net/v/20230519162016195
https://v.daum.net/v/20230519161755104
https://v.daum.net/v/20230519161514012
https://v.daum.net/v/20230519161220934
https://v.daum.net/v/20230519160802805
https://v.daum.net/v/20230519160701775
https://v.daum.net/v/20230519160508694
https://v.daum.net/v/20230519160329636
https://v.daum.net/v/20230519160043490
https://v.daum.net/v/20230519160017462
https://v.daum.net/v/20230519160000441
https://v.daum.net/v/20230519155515247
https://v.daum.net/v/20230519155417212
https://v.daum.net/v/20230519155416207
https://v.daum.net/v/20230519184841990
https://v.daum.net/v/20230519184702962
https://v.daum.net/v/20230519184201884
https://v.daum.net/v/20230519183600802
https://v.daum.net/v/20230519155158138
https://v.daum.net/v/20230519155152137
https://v.daum.net/v/20230519155108124
https://v.daum.net/v/20230519155053111
https://v.daum.net/v/20230519154618963
https://v.daum.net/v/20230519154541936
https://v.daum.net/v/20230519154417902
https://v.daum.net/v/20230519154314865
https://v.daum.net/v/20230519154303860
https://v.daum.net/v/20230519154122813
https://v.daum.net/v/20230519153904738
https://v.daum.net/v/20230519153903736
https://v.daum.net/v/20230519153743701
https://v.daum.net/v/20230519153544638
https://v.daum.net/v/20230519153527632
https://v.daum.net/v/20230519184841990
https://v.daum.net/v/20230519184702962
https://v.daum.net/v/20230519184201884
https://v.daum.net/v/20230519183600802
https://v.daum.net/v/20230519153447622
https://v.daum.net/v/20230519153303543
https://v.daum.net/v/20230519153215513
https://v.daum.net/v/20230519153133494
https://v.daum.net/v/20230519152744381
https://v.daum.net/v/20230519152712358
https://v.daum.net/v/20230519152704355
https://v.daum.net/v/20230519152627329
https://v.daum.net/v/20230519152609324
https://v.daum.net/v/20230519152416270
https://v.daum.net/v/20230519152332240
https://v.daum.net/v/20230519152315217
https://v.daum.net/v/20230519152312208
https://v.daum.net/v/20230519152252202
https://v.daum.net/v/20230519152216182
https://v.daum.net/v/20230519184841990
https://v.daum.net/v/20230519184702962
https://v.daum.net/v/20230519184201884
https://v.daum.net/v/20230519183600802
https://v.daum.net/v/20230519152049137
https://v.daum.net/v/20230519152018115
https://v.daum.net/v/20230519152015105
https://v.daum.net/v/20230519151807040
https://v.daum.net/v/20230519151805037
https://v.daum.net/v/20230519151714020
https://v.daum.net/v/20230519151503959
https://v.daum.net/v/20230519151315911
https://v.daum.net/v/20230519151301900
https://v.daum.net/v/20230519151209878
https://v.daum.net/v/20230519151201867
https://v.daum.net/v/20230519151114834
https://v.daum.net/v/20230519151106830
https://v.daum.net/v/20230519150939790
https://v.daum.net/v/20230519150901764
https://v.daum.net/v/20230519184841990
https://v.daum.net/v/20230519184702962
https://v.daum.net/v/20230519184201884
https://v.daum.net/v/20230519183600802
https://v.daum.net/v/20230519150751731
https://v.daum.net/v/20230519150618698
https://v.daum.net/v/20230519150604678
https://v.daum.net/v/20230519150514638
https://v.daum.net/v/20230519150452626
https://v.daum.net/v/20230519150208525
https://v.daum.net/v/20230519150204523
https://v.daum.net/v/20230519150203521
https://v.daum.net/v/20230519150123504
https://v.daum.net/v/20230519150051488
https://v.daum.net/v/20230519150042485
https://v.daum.net/v/20230519150039482
https://v.daum.net/v/20230519150002447
https://v.daum.net/v/20230519145842400
https://v.daum.net/v/20230519145800379
https://v.daum.net/v/20230519184841990
https://v.daum.net/v/20230519184702962
https://v.daum.net/v/20230519184201884
https://v.daum.net/v/20230519183600802
